Libro,Autor,Nacionalidad,Sexo Autor,Estado Autor,Año Publicación,Tipo,Genero,Año,Estado,Formato,Páginas,Fecha inicio,Fecha fin,Días de lectura,Ratio Lector,Historia,Personajes,Universo,Narración,Otros,Calificación
Crónica del asesino de reyes - El nombre del viento,Patrick Rothfuss,Estados Unidos,H,Vivo,2007,Saga,Fantasía,2022,Finalizado,Digital,819,2022-05-27,2022-06-17,21,39.0,3,3,4,4,3,3.4
Crónica del asesino de reyes - El temor de un hombre sabio,Patrick Rothfuss,Estados Unidos,H,Vivo,2011,Saga,Fantasía,2022,Finalizado,Digital,1047,2022-06-17,2022-07-04,17,61.6,3,3,4,4,3,3.4
El amor en los tiempos del cólera,Gabriel García Márquez,Colombia,H,Fallecido,1985,Autoconclusivo,"Realismo mágico,Romántica",2022,Finalizado,Digital,270,2022-07-06,2022-07-17,11,24.5,4,4,3.8,4,4,3.96
El fantasma de la Opera,Gastón Leroux,Francia,H,Fallecido,1910,Autoconclusivo,"Gótico,Thriller",2022,Finalizado,Digital,239,2022-07-18,2022-07-27,9,26.6,3,2,2,3,4,2.8
Diario del fin del mundo,Mario Mendoza,Colombia,H,Vivo,2011,Autoconclusivo,Policíaco,2022,Finalizado,Digital,157,2022-07-27,2022-07-31,4,39.2,3,4,3,4,4,3.6
Lagartija,Banana Yoshimoto,Japón,M,Vivo,1993,Antología,Romántica,2022,Finalizado,Digital,88,2022-07-31,2022-08-01,1,88.0,3.5,3.8,3,3.5,3.5,3.46
Solaris,Stanisław Lem,Polonia,H,Fallecido,1961,Autoconclusivo,Ciencia Ficción,2022,Finalizado,Digital,160,2022-08-01,2022-08-07,6,26.7,2,2.5,3,2,3.5,2.6
Fuego y Sangre,George R.R. Martin,Estados Unidos,H,Vivo,2018,Saga,Fantasía,2022,Finalizado,Digital,700,2022-08-07,2022-08-23,16,43.8,4,4,4,4,4,4.0
La invención de Morel,Adolfo Bioy Casares,Argentina,H,Fallecido,1940,Autoconclusivo,Ciencia Ficción,2022,Finalizado,Digital,70,2022-08-24,2022-08-27,3,23.3,4,3.7,3.8,3.8,4,3.86
Los Medici I - Una Dinastia al Poder,Matteo Strukul,Italia,H,Vivo,2016,Saga,Novela histórica,2022,Finalizado,Digital,246,2022-08-28,2022-09-11,14,17.6,3,3,3,3,3,3.0
La caja de botones de Gwendy,Stephen King,Estados Unidos,H,Vivo,2017,Autoconclusivo,Thriller,2022,Finalizado,Digital,90,2022-09-11,2022-09-12,1,90.0,3.7,3.6,3,3.5,3.5,3.46
La formula preferida del profesor,Yoko Ogawa,Japón,M,Vivo,2003,Autoconclusivo,Drama,2022,Finalizado,Digital,140,2022-09-12,2022-09-18,6,23.3,3,4,3,3,3.5,3.3
El cuento de la Criada,Margaret Adwood,Canadá,M,Vivo,1985,Autoconclusivo,Distopía,2022,Finalizado,Digital,256,2022-09-19,2022-10-09,20,12.8,2,3,4,3,3,3.0
El encueadernador,Bridget Collins,Reino Unido,M,Vivo,2019,Autoconclusivo,Ciencia Ficción,2022,Finalizado,Digital,366,2022-10-28,2022-11-10,13,28.2,3,2,3,3,4,3.0
El Señor de los Anillos I La comunidad del Anillo,J. R. R. Tolkien,Reino Unido,H,Fallecido,1954,Trilogía,Fantasía,2022,Finalizado,Digital,458,2022-11-13,2022-11-26,13,35.2,3,3,3,3,3,3.0
QualityLand,Marc Uwe Kling,Alemania,H,Vivo,2017,Autoconclusivo,Ciencia Ficción,2022,Finalizado,Digital,309,2022-11-26,2022-11-28,2,154.5,3.8,3.8,4,4,4,3.92
La Rueda del Tiempo I El ojo del Mundo,Robert Jordan,Estados Unidos,H,Fallecido,1990,Saga,Fantasía,2022,Finalizado,Digital,747,2022-12-01,2022-12-20,19,39.3,4,5,4,4.5,4.5,4.4
La Rueda del Tiempo II El despertar de los Héroes,Robert Jordan,Estados Unidos,H,Fallecido,1990,Saga,Fantasía,2023,Finalizado,Digital,630,2022-12-22,2023-01-14,23,27.4,4.5,5,4.5,4.5,5,4.7
La Rueda del Tiempo III El Dragón Renacido,Robert Jordan,Estados Unidos,H,Fallecido,1991,Saga,Fantasía,2023,Finalizado,Digital,587,2023-01-18,2023-02-15,28,21.0,4.5,5,4.5,5,4,4.6
La Rueda del Tiempo IV El Ascenso de la Sombra,Robert Jordan,Estados Unidos,H,Fallecido,1992,Saga,Fantasía,2023,Finalizado,Digital,941,2023-02-17,2023-04-12,54,17.4,5,5,5,4.5,4.5,4.8
La Rueda del Tiempo V Cielo en Llamas,Robert Jordan,Estados Unidos,H,Fallecido,1993,Saga,Fantasía,2023,Finalizado,Digital,835,2023-04-16,2023-06-06,51,16.4,4.5,5,5,4,4.5,4.6
La Rueda del Tiempo VI El Señor del Caos,Robert Jordan,Estados Unidos,H,Fallecido,1994,Saga,Fantasía,2023,Finalizado,Digital,963,2023-06-07,2023-08-21,75,12.8,4,4.5,4.5,4,4,4.2
La Rueda del Tiempo VII - La Corona de Espadas,Robert Jordan,Estados Unidos,H,Fallecido,1996,Saga,Fantasía,2023,Finalizado,Digital,702,2023-08-22,2023-10-15,54,13.0,4,4,4,3.5,3.5,3.8
La Rueda del Tiempo VIII - El Camino de Dagas,Robert Jordan,Estados Unidos,H,Fallecido,1998,Saga,Fantasía,2023,Finalizado,Digital,524,2023-10-16,2023-11-21,36,14.6,3.5,3.5,4,3.8,4,3.76
La Rueda del Tiempo IX - El corazón del Invierno,Robert Jordan,Estados Unidos,H,Fallecido,2000,Saga,Fantasía,2023,Finalizado,Digital,548,2023-11-22,2023-12-27,35,15.7,4.2,4.5,4.2,4,4.5,4.28
La Rueda del Tiempo X - Encrucijada en el crepúsculo,Robert Jordan,Estados Unidos,H,Fallecido,2003,Saga,Fantasía,2024,Finalizado,Digital,586,2023-12-28,2024-01-21,24,24.4,3,4,4,3,3.5,3.5
La Rueda del Tiempo - Nueva Primavera,Robert Jordan,Estados Unidos,H,Fallecido,2004,Saga,Fantasía,2024,Finalizado,Digital,287,2024-01-21,2024-02-03,13,22.1,4,4.2,4,4,3.8,4.0
La Rueda del Tiempo XI - Cuchillo de Sueños,Robert Jordan,Estados Unidos,H,Fallecido,2005,Saga,Fantasía,2024,Finalizado,Digital,734,2024-02-04,2024-03-31,56,13.1,4.5,4.5,4,4,3.8,4.16
El extranjero,Albert Camus,Francia,H,Fallecido,1942,Autoconclusivo,Relato,2024,Finalizado,Digital,65,2024-02-18,2024-02-22,4,16.2,3,3,2.5,3.5,3,3.0
La Rueda del Tiempo XII - La Tormenta,"Robert Jordan,Brandon Sanderson",Estados Unidos,"H,H","Fallecido,Vivo",2009,Saga,Fantasía,2024,Finalizado,Digital,749,2024-04-03,2024-06-02,60,12.5,4.2,5,4.5,4.2,4.2,4.42
La Rueda del Tiempo XIII - Torres de Medianoche,"Robert Jordan,Brandon Sanderson",Estados Unidos,"H,H","Fallecido,Vivo",2010,Saga,Fantasía,2024,Finalizado,Digital,868,2024-06-03,2024-07-17,44,19.7,4.2,4.5,4.5,4.2,4,4.28
La Rueda del Tiempo XIV - Un Recuerdo de Luz,"Robert Jordan,Brandon Sanderson",Estados Unidos,"H,H","Fallecido,Vivo",2013,Saga,Fantasía,2024,Finalizado,Digital,935,2024-07-24,2024-08-19,26,36.0,5,5,5,5,4.5,4.9
Los aparecidos,Óscar Godoy Barbosa,Colombia,H,Vivo,2017,Autoconclusivo,Realismo mágico,2024,Finalizado,Fisico,244,2024-08-20,2024-08-24,4,61.0,3.8,3.5,4,3.8,3.8,3.78
Antes de que se enfrie el café,Toshikazu Kawaguchi,Japón,H,Vivo,2015,Autoconclusivo,Realismo mágico,2024,Finalizado,Digital,176,2024-08-26,2024-09-01,6,29.3,3.2,3,3.5,3.5,3.8,3.4
La casa de los espíritus,Isabel Allende,Chile,M,Vivo,1982,Autoconclusivo,Realismo mágico,2024,Finalizado,Fisico,556,2024-09-01,2024-09-30,29,19.2,3.5,3.8,3.7,3.8,4,3.76
Jurassic Park,Michael Crichton,Estados Unidos,H,Fallecido,1990,Autoconclusivo,Ciencia Ficción,2024,Finalizado,Digital,420,2024-10-25,2024-11-01,7,60.0,3.5,3.5,3.8,3.5,3.8,3.62
Klara y el sol,Kazuo Ishiguro,Reino Unido,H,Vivo,2021,Autoconclusivo,Ciencia Ficción,2024,Finalizado,Digital,242,2024-11-01,2024-11-04,3,80.7,3.2,3.8,3.5,3.5,3.8,3.56
Blade Runner: ¿Sueñan los androides con ovejas eléctricas?,Philip K. Dick,Estados Unidos,H,Fallecido,1968,Autoconclusivo,Ciencia Ficción,2024,Finalizado,Digital,155,2024-11-04,2024-11-07,3,51.7,3.7,4,3.8,3.8,3.5,3.76
La guía del mago frugal para sobrevivir en la Inglaterra del Medievo,Brandon Sanderson,Estados Unidos,H,Vivo,2023,Autoconclusivo,Fantasía,2024,Finalizado,Digital,308,2024-11-07,2024-11-21,14,22.0,2,2,3,2.8,3,2.56
El conde de Montecristo,Alexandre Dumas,Francia,H,Fallecido,1844,Autoconclusivo,Clásico,2024,Finalizado,Digital,1404,2024-11-21,2024-12-26,35,40.1,3.8,3.6,3.9,4,4,3.86
La insoportable levedad del ser,Milan Kundera,Chequia,H,Fallecido,1984,Autoconclusivo,Novela filosófica,2024,Finalizado,Digital,262,2024-12-27,2024-12-29,2,131.0,3.5,3.7,3.5,3.2,3.7,3.52
La isla del tesoro,Robert Louis Stevenson,Reino Unido,H,Fallecido,1883,Autoconclusivo,Aventuras,2025,Finalizado,Digital,206,2024-12-30,2025-01-04,5,41.2,3.5,3,3.5,3.5,4,3.5
El guardián entre el centeno,J. D. Sallinger,Estados Unidos,H,Fallecido,1951,Autoconclusivo,Clásico,2025,Finalizado,Digital,151,2025-01-05,2025-01-07,2,75.5,3,3,2.8,3.2,2.8,2.96
Piranesi,Susanna Clarke,Reino Unido,M,Vivo,2020,Autoconclusivo,Fantasía,2025,Finalizado,Digital,170,2025-01-08,2025-01-15,7,24.3,3.5,3.8,3.5,3.8,3.5,3.62
Será larga la noche,Santiago Gamboa,Colombia,H,Vivo,2019,Autoconclusivo,Thriller,2025,Finalizado,Digital,292,2025-01-16,2025-01-25,9,32.4,3,3,3.2,3,3,3.04
El problema de los tres cuerpos,Cixin Liu,China,H,Vivo,2006,Trilogía,Ciencia Ficción,2025,Finalizado,Digital,278,2025-01-25,2025-02-02,8,34.8,3.5,3.5,3.2,3.5,3.2,3.38
El bosque oscuro,Cixin Liu,China,H,Vivo,2008,Trilogía,Ciencia Ficción,2025,Finalizado,Digital,430,2025-02-03,2025-02-25,22,19.5,3.7,3.5,3.5,3.7,4,3.68
El fin de la muerte,Cixin Liu,China,H,Vivo,2010,Trilogía,Ciencia Ficción,2025,Finalizado,Digital,665,2025-02-25,2025-03-15,18,36.9,3.5,3.5,3,3,3,3.2
Cien años de soledad,Gabriel García Márquez,Colombia,H,Fallecido,1967,Autoconclusivo,Realismo mágico,2025,Finalizado,Digital,273,2025-03-16,2025-03-28,12,22.8,4,3.5,4.5,4,4,4.0
Momo,Michael Ende,Alemania,H,Fallecido,1973,Autoconclusivo,Fantasía,2025,Finalizado,Digital,173,2025-03-28,2025-03-30,2,86.5,3,3,3,3,3,3.0
Cadáver exquisito,Agustina Bazterrica,Argentina,M,Vivo,2017,Autoconclusivo,Distopía,2025,Finalizado,Digital,126,2025-03-31,2025-04-02,2,63.0,3.5,4,3,3,3.5,3.4
La Broma Infinita,David Foster Wallace,Estados Unidos,H,Suicidio,1996,Autoconclusivo,Drama,2025,Finalizado,Digital,1072,2025-04-05,2025-05-13,38,28.2,2,2,2,2,2,2.0
Amanecer Rojo,Pierce Brown,Estados Unidos,H,Vivo,2014,Saga,"Distopía,Ciencia Ficción",2025,Finalizado,Digital,318,2025-05-13,2025-05-26,13,24.5,3,3.7,3.2,3,2.5,3.08
Hijo Dorado,Pierce Brown,Estados Unidos,H,Vivo,2015,Saga,"Distopía,Ciencia Ficción",2025,Finalizado,Digital,381,2025-05-26,2025-06-12,17,22.4,3.2,3,3,2.7,3,2.98
Mañana Azul,Pierce Brown,Estados Unidos,H,Vivo,2016,Saga,"Distopía,Ciencia Ficción",2025,Finalizado,Digital,448,2025-06-12,2025-07-05,23,19.5,2.8,3.5,3,3,3,3.06
La historia de tu vida,Ted Chiang,Estados Unidos,H,Vivo,2002,Antología,Ciencia Ficción,2025,Finalizado,Digital,227,2025-07-05,2025-07-13,8,28.4,3,3.5,3.2,2.8,2.8,3.06
Apocalípsis,Stephen King,Estados Unidos,H,Vivo,1978,Autoconclusivo,Distopía,2025,Finalizado,Digital,1042,2025-07-13,2025-09-06,55,18.9,3.5,4,3,3,2.7,3.24
¿Quién quiere ser millonario?,Vikas Swarup,India,H,Vivo,2005,Autoconclusivo,Drama,2025,Finalizado,Fisico,,2025-09-07,2025-09-14,7,,3,3,3,3.5,3.5,3.2
El mundo de Sofía,Jostein Gaarder,Noruega,H,Vivo,1991,Autoconclusivo,Novela filosófica,2025,Finalizado,Digital,415,2025-09-14,2025-10-11,27,15.4,3.5,3,3,3,5,3.5
Primer amor,Banana Yoshimoto,Japón,M,Vivo,1994,Autoconclusivo,Realismo mágico,2025,Finalizado,Fisico,125,2025-10-11,2025-10-12,1,125.0,2,2.5,2,3,2,2.3
La madriguera del gusano blanco,Bram Stoker,Irlanda,H,Fallecido,1911,Autoconclusivo,Terror,2025,Finalizado,Digital,128,2025-10-12,2025-10-19,7,18.3,2.5,2.5,2.5,2,2.5,2.4
La casa en el limite,Wlliam Hope Hodgson,Reino Unido,H,Fallecido,1908,Autoconclusivo,Terror,2025,Finalizado,Digital,,2025-10-19,2025-10-26,7,,2.8,3,3.5,2.8,3,3.02
Morir en la arena,Leonardo Padura,Cuba,H,Vivo,2022,Autoconclusivo,Novela histórica,2025,Finalizado,Fisico,,2025-10-26,2025-11-03,8,,3.5,3.8,3,3.2,3,3.3
El libro de la selva,Joseph Rudyard Kipling,Reino Unido,H,Fallecido,1894,Antología,"Aventuras,Fantasía",2025,Finalizado parcialmente,Fisico,,2025-11-04,2025-11-15,11,,2.8,3.2,3,3,2.8,2.96
Lady masacre,Mario Mendoza,Colombia,H,Vivo,2013,Saga,Thriller,2025,Finalizado,Digital,,2025-11-15,2025-11-19,4,,3.2,3.5,3.5,3.5,3,3.34
La medición del mundo,Daniel Kehlmann,Alemania,H,Vivo,2005,Autoconclusivo,"Novela histórica,Realismo mágico",2025,Finalizado,Fisico,,2025-11-20,2025-11-27,7,,3.5,3.5,3.2,2.8,3.2,3.24
Reflejos en un ojo dorado,Carson Mccullers,Estados Unidos,M,Fallecido,1941,Autoconclusivo,Thriller,2025,Finalizado,Fisico,,2025-11-29,2025-12-01,2,,3,3.8,3,3.5,3,3.26
Las cosas que llevaron los hombres que lucharon,Tim O'Brien,Estados Unidos,H,Vivo,1990,Autoconclusivo,Bélico,2025,Finalizado,Fisico,,2025-12-02,2025-12-07,5,,2.5,2,2.5,2.8,2,2.36
Los jardines de la luna,Steven Erikson,Canadá,H,Vivo,1999,Saga,Fantasía,2026,Finalizado,Digital,572,2025-12-07,2026-01-24,48,11.9,2,2,2,3,1,2.0
Orlando,Virginia Woolf,Reino Unido,M,Suicidio,1928,Autoconclusivo,"Clásico,Fantasía",2026,Finalizado,Fisico,,2026-01-24,2026-02-03,10,,3,2,2,3,2,2.4
La nieta del señor Linh,Philippe Claudel,Francia,H,Vivo,2005,Autoconclusivo,Drama,2026,Finalizado,Fisico,,2026-02-04,2026-02-06,2,,4,4,3,3,3.5,3.5
La ciudad y los perros,Mario Vargas Llosa,Perú,H,Fallecido,1963,Autoconclusivo,Drama,2026,Finalizado,Fisico,,2026-02-07,2026-02-19,12,,4,4.5,3.7,4,4.2,4.08
La voz de las espadas,Joe Abercrombie,Reino Unido,H,Vivo,2006,Saga,Fantasía,2026,Finalizado,Digital,561,2026-02-22,2026-03-22,28,20.0,3.3,3.7,3.8,3.9,3.7,3.68
Canción de antiguos amantes,Laura Restrepo,Colombia,M,Vivo,2022,Autoconclusivo,Realismo mágico,2026,Finalizado,Digital,285,2026-03-23,2026-04-04,12,23.8,2.5,3.5,3,3.5,2.5,3.0
Tokio blues,Haruki Murakami,Japón,H,Vivo,1987,Autoconclusivo,"Drama,Romántica",2026,Finalizado,Digital,259,2026-04-04,2026-04-10,6,43.2,3.7,3.5,3.8,3.5,3.5,3.6
La loca de la casa,Rosa Montero,España,M,Vivo,2003,Autoconclusivo,Ensayo,2026,Finalizado,Fisico,,2026-04-11,2026-04-19,8,,2,2,2,2,2,2.0
La tregua,Mario Benedetti,Uruguay,H,Fallecido,1960,Autoconclusivo,"Drama,Romántica",2026,Finalizado,Digital,142,2026-04-20,2026-04-24,4,35.5,4,4,3.5,4,4,3.9
Cumbres borrascosas,Emily Bronte,Reino Unido,M,Fallecido,1847,Autoconclusivo,"Clásico,Gótico",2026,Finalizado,Fisico,,2026-04-25,2026-05-09,14,,3.5,4,3,3.5,3.5,3.5
Seda,Asandro Barrico,Italia,H,Vivo,1996,Autoconclusivo,Romántica,2026,Finalizado,Fisico,,2026-05-10,2026-05-16,6,,2.5,3,3,3,3,2.9
Roma soy yo,Santiago Posteguillo,España,H,Vivo,2022,Saga,Novela histórica,2026,Finalizado,Fisico,,2026-05-17,2026-06-16,30,,3.2,3.7,3.5,3.4,3.2,3.4
El gran Gatsby,Scott Fitzgerald,Estados Unidos,H,Fallecido,1925,Autoconclusivo,Clásico,2026,Finalizado,Fisico,,2026-06-17,2026-06-21,4,,3.2,3.2,3.4,3.5,3.7,3.4
Ready player one,Ernest Cline,Estados Unidos,H,Vivo,2011,Saga,Distopía,2026,Finalizado,Digital,345,2026-06-24,2026-07-07,13,26.5,3,2.7,3,2.8,3,2.9
Delirio,Laura Restrepo,Colombia,M,Vivo,2004,Autoconclusivo,Drama,2026,,Digital,188,2026-07-08,2026-07-12,4,47.0,,,,,,
Reyes de arena,George R.R. Martin,Estados Unidos,H,Vivo,1979,Cuento corto,Ciencia Ficción,2026,Finalizado,Digital,43,2026-07-13,2026-07-14,1,43.0,4,3.5,4,3.7,4.2,3.88
La campana de cristal,Sylvia Plath,Estados Unidos,M,Suicidio,1963,Autoconclusivo,Drama,2026,Finalizado,Fisico,311,2026-07-14,2026-07-19,5,62.2,3,3.8,2.5,3.2,3.5,3.2
